年月,教科,問題,答え
第11回 月/米づくり,理科,月はほぼ球形で、直径が、①約50km、②約800km、③約3500km、④約3万4000km、のいずれか。,③
第11回 月/米づくり,理科,地球の直径は月の、①約0.4倍、②約1倍、③約4倍、④約100倍、⑤約1万6000倍、のいずれか,③
第11回 月/米づくり,理科,太陽の直径は月の、①約4倍、②約40倍、③約400倍、④約4000倍、⑤約4万倍、のいずれか,③
第11回 月/米づくり,理科,地球から見た月と太陽は、①太陽の方が1.5倍大きい、②ほぼ同じ、②月の方が1.5倍大きい、のいずれか。,②
第11回 月/米づくり,理科,月の表面に多くある、いん石がしょうとつしたあと。,クレーター
第11回 月/米づくり,理科,月の暗く見えるところは月の何と呼ばれているか。,(月の)海
第11回 月/米づくり,理科,月には、①空気がある、②空気はない、のいずれか。,②
第11回 月/米づくり,理科,月では、昼夜の温度差は、①非常に小さくほとんど同じ温度、②非常に大きく夜が寒い、のいずれか。,②
第11回 月/米づくり,理科,月の昼の温度は、①-110℃、②ほぼ0℃、③110℃、のいずれか。,③
第11回 月/米づくり,理科,月の重力は地球の①倍ある。,6分の1
第11回 月/米づくり,理科,月と地球は、①約380km、②約3800km、③約3万8000km、④約38万km、離れている。,④
第11回 月/米づくり,理科,月は自分で光を出さず、(①)の光を反射して明るく光って見える。,①太陽
第11回 月/米づくり,理科,月が満ち欠けする順番は、新月→三日月→(①)→満月→(②)→新月、となる。,①上弦の月、②下弦の月
第11回 月/米づくり,理科,月が満ち欠けして見えるのは、月の(①)が理由。,①公転
第11回 月/米づくり,理科,新月から次の新月までにかかる日数。,29.5日
第11回 月/米づくり,理科,満月から新月までは、(①)側が光って見え、その部分はしだいに細くなっていく。,①左
第11回 月/米づくり,理科,月は地球のまわりを、北極上空から見て(①)回りに回っている。,①反時計
第11回 月/米づくり,理科,月が地球のまわりを回ることを何というか。,(月の)公転
第11回 月/米づくり,理科,地球から見て太陽の方向にあるときの月の名前。,新月
第11回 月/米づくり,理科,1960年代後半から始まり人類を初めて月面に送りこむことに成功したアメリカの宇宙計画。,アポロ計画
第11回 月/米づくり,理科,初めて月面に降り立った人物、①ジョージ・ブッシュ、②ニール・アームストロング、③アイザック・ニュートン。,②
第11回 月/米づくり,理科,初めて月面に立った人が残した言葉、「これは一人の人間にとっては小さな一歩だが、(①)にとっては偉大な一歩」,①人類
第11回 月/米づくり,理科,月は、①西から出て南の空を通り東にしずむ、②東から出て南の空を通り西に沈む、のいずれか。,②
第11回 月/米づくり,理科,月が真南にきて最も高くなったときを何というか。,(月の)南中
第11回 月/米づくり,理科,夕方出て、真夜中に南中し、明け方にしずむ月。,満月
第11回 月/米づくり,理科,正午ごろ出て、夕方に南中し、真夜中にしずむ月。,上弦の月
第11回 月/米づくり,理科,太陽が欠ける日食は、何の月のときに起こるか。,新月
第11回 月/米づくり,理科,月の公転により、(①)が高くなったり低くなったりする(②)の満ち引きが起こる。,①海面、②潮
第11回 月/米づくり,理科,月を毎日観察すると、光って見える部分の形が少しずつ変わる。これを月の(①)という。,①満ち欠け
第11回 月/米づくり,理科,新月から満月までは、(①)側が光って見え、その部分はしだいに太くなっていく。,①右
第11回 月/米づくり,理科,右半分が光って見える月。,上弦の月
第11回 月/米づくり,理科,月はいつも同じ面を地球に向けて公転しているので、地球からは月の(1)側が見えない。,①裏
第11回 月/米づくり,理科,太陽・地球・月の順に一直線に並んだときの月の名前。,満月
第11回 月/米づくり,理科,地球から見て上弦の月は太陽の、①右側、②左側、にある。いずれが正しいか。,②
第11回 月/米づくり,理科,太陽は毎日正午ごろ南中するが、月の南中は何分ずつ遅れるか。,50分
第11回 月/米づくり,理科,三日月は、朝出て夜しずむ。見えるのは、夕方ごろ、(①)の空の少し高いところ。,①西
第11回 月/米づくり,理科,明け方ごろに南中する月。,下弦の月
第11回 月/米づくり,理科,満月のときに見られるのは、①太陽が欠ける日食、②月が欠ける月食、のいずれか。,②
第12回 いろいろな気体/畑でつくられるもの,理科,空気より軽い気体をつめたガスぶくろによって船体をうかせ、これに前進や後退用の動力をつけて操縦する航空機。,飛行船
第12回 いろいろな気体/畑でつくられるもの,理科,気体の中で最も軽い気体。,水素
第12回 いろいろな気体/畑でつくられるもの,理科,気体の中で2番目に軽い気体。色もにおいもない。,ヘリウム
第12回 いろいろな気体/畑でつくられるもの,理科,空気の成分の中で、水蒸気以外で一番多くをしめる気体とその割合。,ちっ素　78%
第12回 いろいろな気体/畑でつくられるもの,理科,空気の成分の中で、水蒸気以外で2番目に多い気体とその割合。,酸素　21%
第12回 いろいろな気体/畑でつくられるもの,理科,植物の光合成に使われる気体。石灰水に通すと白くにごる。水に溶け、空気より重く、色もにおいもない気体。,二酸化炭素
第12回 いろいろな気体/畑でつくられるもの,理科,それ自体が燃え、燃えた後は水ができる。水に溶けにくく、空気よりかなり軽く、色もにおいもない。,水素
第12回 いろいろな気体/畑でつくられるもの,理科,空気中にわずかに含まれ、鼻をさすような特有のにおいがある気体。水によく溶け、空気より軽く、色がない。,アンモニア
第12回 いろいろな気体/畑でつくられるもの,理科,1937年にドイツからアメリカに向かっていたヒンデンブルク号(飛行船)が爆発した事故で使われていた気体。,水素
第12回 いろいろな気体/畑でつくられるもの,理科,二酸化マンガンに何を加えると酸素が発生するか。,過酸化水素水
第12回 いろいろな気体/畑でつくられるもの,理科,酸素を集める方法。,水上置換法
第12回 いろいろな気体/畑でつくられるもの,理科,酸素が発生したかは、火のついた(①)を酸素が発生したとされる集気びんに入れ炎を出して燃えるかを調べる。,①線香
第12回 いろいろな気体/畑でつくられるもの,理科,(①)に、すりおろしたジャガイモや生のレバー(肝臓)を加えると酸素が発生する。,①オキシドール
第12回 いろいろな気体/畑でつくられるもの,理科,二酸化炭素を発生させるとき、炭酸カルシウムという白い粉に加える液体。,(うすい)塩酸
第12回 いろいろな気体/畑でつくられるもの,理科,二酸化炭素を集める方法。,下方置換法
第12回 いろいろな気体/畑でつくられるもの,理科,そうじや料理に使われる(①)を熱しても二酸化炭素は発生する。,①重そう
第12回 いろいろな気体/畑でつくられるもの,理科,ホットケーキは、生地に含まれる重そうから(①)が発生し、熱せられてぼう張することでふくらむ。,①二酸化炭素
第12回 いろいろな気体/畑でつくられるもの,理科,ホットケーキの生地には、重そうがおもな成分の(①)が含まれる。,①ベーキングパウダー
第12回 いろいろな気体/畑でつくられるもの,理科,生き物のからだをつくるタンパク質のもとになる気体。水に溶けにくく、空気より軽く、色もにおいもない。,ちっ素
第12回 いろいろな気体/畑でつくられるもの,理科,生き物の呼吸に使われるほか、物が燃えるのを助ける気体。水に溶けにくく、空気より重く、色もにおいもない。,酸素
第12回 いろいろな気体/畑でつくられるもの,理科,二酸化炭素が水にとけた液体。,炭酸水
第12回 いろいろな気体/畑でつくられるもの,理科,酸素を発生させるときに加える固体でそれ自体は変化しない物質。,二酸化マンガン
第12回 いろいろな気体/畑でつくられるもの,理科,酸素を発生させるときに加える固体と液体で、発生が終わっても(①)だけを加えれば酸素は再び発生する。,①過酸化水素水
第12回 いろいろな気体/畑でつくられるもの,理科,水に溶けない、または溶けにくい気体の集め方として適した方法。,水上置換法
第12回 いろいろな気体/畑でつくられるもの,理科,酸素には物が燃えるのを(①)はたらきがある。,①助ける
第12回 いろいろな気体/畑でつくられるもの,理科,水に溶けやすく、空気より重い気体を集める方法。,下方置換法
第12回 いろいろな気体/畑でつくられるもの,理科,ちっ素は、①呼吸により体内に取り込める、②食べ物を通してでないと体内に取り入めない、のいずれか。,②
第12回 いろいろな気体/畑でつくられるもの,理科,二酸化炭素があるかないかを調べる方法には、(①)に通して白くにごるかどうか。,①石灰水
第12回 いろいろな気体/畑でつくられるもの,理科,重そうの正式名称。,炭酸水素ナトリウム
第12回 いろいろな気体/畑でつくられるもの,理科,重そうに(①)を加えても二酸化炭素は発生する。,①お酢(酢酸)
第13回 物の燃え方/野菜とくだものつくり,理科,火のついたろうそくを、①小さい集気びん、②大きい集気びん、に入れて長く燃え続けるのはどちら。,②
第13回 物の燃え方/野菜とくだものつくり,理科,太さが同じで、①短いつつ、②長いつつ、の中でろうそくを燃やすとき、しばらくして消えてしまうのはどちら。,②
第13回 物の燃え方/野菜とくだものつくり,理科,ペットボトルの中でろうそくを燃やし続けるには、ろうそくの炎の(①)と(②)に2か所穴をあける必要がある。,①上、②下　※逆でも〇
第13回 物の燃え方/野菜とくだものつくり,理科,空気の成分で、78%をしめる気体。,ちっ素
第13回 物の燃え方/野菜とくだものつくり,理科,空気の成分で、21%をしめる気体。,酸素
第13回 物の燃え方/野菜とくだものつくり,理科,空気の成分で、3番目に多い気体。,アルゴン
第13回 物の燃え方/野菜とくだものつくり,理科,物が燃えるのを助けるはたらきをする気体。,酸素
第13回 物の燃え方/野菜とくだものつくり,理科,二酸化炭素が発生したかを確認するには、(①)を通して白くにごるかを確かめる。,①石灰水
第13回 物の燃え方/野菜とくだものつくり,理科,ろうそくが燃えた後にできるものは、(①)と(②)。,①二酸化炭素、②水
第13回 物の燃え方/野菜とくだものつくり,理科,ろうそくの炎の最も外側で、光をほとんど出さず、完全燃焼しているので最も温度が高い部分。,外炎
第13回 物の燃え方/野菜とくだものつくり,理科,酸素が不足していてろうは不完全燃焼している。炭素のつぶが高温になって光るので最も明るく見える部分。,内炎
第13回 物の燃え方/野菜とくだものつくり,理科,炎の最も内側でうす暗く、温度が最も低い。ろうが熱せられて気体になっている部分。まだ燃えていない。,炎心
第13回 物の燃え方/野菜とくだものつくり,理科,水でぬらしたわりばしをろうそくに数秒間入れ、黒くこげるのはどの炎に入れた部分か。,外炎　※こげた結果
第13回 物の燃え方/野菜とくだものつくり,理科,ガラス棒をろうそくに数秒間入れ、黒くなるのはどの炎に入れた部分か。,内炎　※炭素のすすがつく
第13回 物の燃え方/野菜とくだものつくり,理科,ガラス棒をろうそくに数秒間入れ、ろうのつぶがつくのはどの炎に入れた部分か。,炎心　※燃えていない証拠
第13回 物の燃え方/野菜とくだものつくり,理科,炎心にガラス管を入れ先から出た白いけむりは、(①)の気体が冷やされて液体や固体になった状態のもの。,①ろう
第13回 物の燃え方/野菜とくだものつくり,理科,内炎にガラス管を入れ先から出た黒いけむりは、(①)のつぶで黒いすす。,①炭素
第13回 物の燃え方/野菜とくだものつくり,理科,炎に日光を当てると、最もこい影となるのは、①外炎、②内炎、③炎心、のいずれか。,②  ※炭素のつぶがさえぎるから
第13回 物の燃え方/野菜とくだものつくり,理科,ろうそくの炎のを大きくするには、①しんを長くする、②しんを太くする、③黒いしんを使う、のいずれか。,②
第13回 物の燃え方/野菜とくだものつくり,理科,ろうが燃えると、ろうの成分である炭素は酸素と結びついて何に変化するか。,二酸化炭素、
第13回 物の燃え方/野菜とくだものつくり,理科,ろうが燃えると、ろうの成分である水素は酸素と結びついて何に変化するか。,水(水蒸気)
第13回 物の燃え方/野菜とくだものつくり,理科,ろうそくのしんには、液体のろうを吸い上げて(①)に変化させやすくするはたらきがある。,①気体
第13回 物の燃え方/野菜とくだものつくり,理科,酸素が不十分な場所でろうそくを燃やしたとき発生する有毒な気体。,一酸化炭素
第13回 物の燃え方/野菜とくだものつくり,理科,ろうそくの炎の温度は、(①)しているかしていないかで決まる。,①完全燃焼
第13回 物の燃え方/野菜とくだものつくり,理科,ろうそくの炎の明るさは、(①)が多くあるかないかで決まる。,①炭素
第13回 物の燃え方/野菜とくだものつくり,理科,炎心にガラス管を入れると、(①)いけむりが出る。,①白
第14回 音/肉や牛乳をつくる,理科,ヒトは1秒間に、①100～1000回、②20～2万回、③1万～13万回、のしん動を聞くことができる。いずれか。,②
第14回 音/肉や牛乳をつくる,理科,音が聞こえるのは、物がしん動し、それが(①)をしん動させ、耳に伝わったから。,①空気
第14回 音/肉や牛乳をつくる,理科,たたいて音を出すもの、①バイオリン、②たいこ、③ピアノ、④ギター、⑤音さ、⑥トランアングル,②、③、⑤、⑥
第14回 音/肉や牛乳をつくる,理科,はじいて音を出すもの、①ギター、②トランペット、③ピアノ、④ことの弦、⑤木きん,①、④
第14回 音/肉や牛乳をつくる,理科,こすって音を出すもの、①たて笛、②ピアノ、③ギター、④バイオリン、,④
第14回 音/肉や牛乳をつくる,理科,ふいて音を出すもの、①トランペット、②バイオリン、③たいこ、④よこ笛,①、④
第14回 音/肉や牛乳をつくる,理科,たいこをたたくと、たいこから遠くなるほどしん動の強さは、①強くなる、②弱くなる、のいずれか。,②
第14回 音/肉や牛乳をつくる,理科,糸電話では、一方の声が(①)のしん動によってもう一方の耳に伝わる。,①糸
第14回 音/肉や牛乳をつくる,理科,糸電話では、①糸をたるませる、②糸をピンと張る、のいずれの方が声がよく伝わるか。,②
第14回 音/肉や牛乳をつくる,理科,音は真空(空気がない状態)で、①伝わる、②伝わらない、のいずれか。,②
第14回 音/肉や牛乳をつくる,理科,音が伝わるのが速い順に並べなさい。①気体、②液体、③固体,③→②→①
第14回 音/肉や牛乳をつくる,理科,音は光と同じように、①反射する、②反射しない、のいずれが正しいか。,①
第14回 音/肉や牛乳をつくる,理科,音はやわらかい物にあたると、しん動が(①)くなり、音が(②)くなる。,①弱、②小さ
第14回 音/肉や牛乳をつくる,理科,音が物にあたってしん動の強さが変わることを何というか。,(音の)吸収
第14回 音/肉や牛乳をつくる,理科,音は、しん動数が多いほど、①高い音となる、②低い音となる、③音の高低はしん動数に関係ない、のいずれか。,①
第14回 音/肉や牛乳をつくる,理科,試験管に入れる水を多くしてふくと、水が少ない場合に比べて、①高い音が出る、②低い音が出る、のいずれか。,①
第14回 音/肉や牛乳をつくる,理科,試験管に水を入れてふく場合、しん動するのは(①)である。,①(試験管の中の)空気
第14回 音/肉や牛乳をつくる,理科,コップに入れる水を多くしてたたくと、水が少ない場合に比べて、①高い音が出る、②低い音が出る、のいずれか。,②
第14回 音/肉や牛乳をつくる,理科,コップに水を入れてたたく場合、しん動するのは(①)である。,①コップ
第14回 音/肉や牛乳をつくる,理科,モノコードでは、高い音は、①弦を長くする、②弦を短くする、のいずれで出るか。,②
第14回 音/肉や牛乳をつくる,理科,モノコードでは、高い音は、①弦を太くする、②弦を細くする、のいずれで出るか。,②
第14回 音/肉や牛乳をつくる,理科,モノコードでは、高い音は、①弦強く張る、②弦を弱く張る、のいずれで出るか。,①
第14回 音/肉や牛乳をつくる,理科,弦を強くはじくと、弦がふれる大きさ(=①)が大きくなるので、大きい音が出る。,①しんぷく
第14回 音/肉や牛乳をつくる,理科,音を波の形で観測することができる器具。,オシロスコープ
第14回 音/肉や牛乳をつくる,理科,ピアノやバイオリンの音は聞き分けられるが、この音の特ちょうのことを何というか。,音色
第14回 音/肉や牛乳をつくる,理科,ヒトが聞くことができない2万回を超えるしん動でつくられる音。,超音波
第14回 音/肉や牛乳をつくる,理科,音は、物の(①)によって起こる。,①しん動
第14回 音/肉や牛乳をつくる,理科,物のふるえのことを何というか。,しん動
第14回 音/肉や牛乳をつくる,理科,音の三要素とは、高低、強弱、(①)である。,①音色
第14回 音/肉や牛乳をつくる,理科,音の強弱は、音の(①)の大小で決まる。,①しんぷく
第11回 月/米づくり,社会,稲はもともと気温が高く雨が多い所の植物。日本では、(①)によりすずしい所でも稲作ができるようになった。,①品種改良
第11回 月/米づくり,社会,東北地方の秋田県の米どころ。,秋田平野
第11回 月/米づくり,社会,東北地方の山形県の米どころ。,庄内平野
第11回 月/米づくり,社会,東北地方の宮城県の米どころ。,仙台平野
第11回 月/米づくり,社会,東北地方では、全国の米の、①10分の1、②5分の1、③4分の1、④2分の1、を生産している。いずれか。,③
第11回 月/米づくり,社会,都道府県別の米の生産量が日本一の新潟県の米どころ。,越後平野
第11回 月/米づくり,社会,都道府県別の米の生産量が第2位の北海道の米どころ2地域。,石狩平野、上川盆地
第11回 月/米づくり,社会,同じ耕地で、1年に1種類の作物だけを栽培すること。,単作
第11回 月/米づくり,社会,宮城県のブランド米。,ひとめぼれ
第11回 月/米づくり,社会,秋田県のブランド米。,あきたこまち
第11回 月/米づくり,社会,米づくりで、箱に種もみをまいてビニールハウスの中で苗に育てる作業。,育苗
第11回 月/米づくり,社会,米づくりで、肥料をまいた後の田んぼを機械を使って耕して土をやわらかくする作業。,田起こし
第11回 月/米づくり,社会,田んぼを耕したり、肥料をまいたりするのに使う農機具。,トラクター
第11回 月/米づくり,社会,米づくりで、田んぼに水を入れ、土をくだいて平らにして肥料を全体にゆきわたらせる作業。,代かき
第11回 月/米づくり,社会,米づくりで、機械を使って苗を植える作業。,田植え
第11回 月/米づくり,社会,稲刈りと脱穀(米の粒を稲穂から離すこと)に使う農機具。,コンバイン
第11回 月/米づくり,社会,稲刈りはふつう、①3～4月ごろ、②7～8月ごろ、③9～10月ごろ、に行う。いずれが正しいか。,③
第11回 月/米づくり,社会,わらや落ち葉などを積み上げ、くさらせてつくる肥料。家畜のふんなどをふくむ。,たい肥
第11回 月/米づくり,社会,収獲した米つぶのことを何とよぶか。1本の稲穂から、数十～100粒ほどとれる。,もみ
第11回 月/米づくり,社会,収獲した米つぶから、外側のもみ殻を取ったもの。粒の端に胚芽(植物の芽となって成長する部分)がついている。,玄米
第11回 月/米づくり,社会,農家が収穫した米は、何という施設で低温保管され全国各地への出荷を待つことになるか。,カントリーエレベーター
第11回 月/米づくり,社会,農業の効率性を高める試みとして、水田の一区画の面積を大きくして、大型の(①)機械を使えるようにする。,①農業
第11回 月/米づくり,社会,農業の効率性を高める試みとして、直接、田に種もみをまく(①)という方法で育苗や田植えを省く。,①直まき
第11回 月/米づくり,社会,農業の効率性を高める試みとして、自動的に田の(①)を調べて、水の出し入れをするしくみを導入する。,①水位
第11回 月/米づくり,社会,米づくりでの水の管理では、気温が低い時期には田んぼの水位を(①)げて稲を寒さから守る。,①上
第11回 月/米づくり,社会,化学肥料や農薬を使わずに作物をつくること。,有機栽培
第11回 月/米づくり,社会,1人が1日に食べる米の量は60年前に比べ、①2倍に増えている、②わずかに増えている、③半分以下に減っている。,③
第11回 月/米づくり,社会,1995年ごろから始まった外国からの米の輸入で、輸入先としては、アメリカ、(②)、中国などがある。,②タイ
第11回 月/米づくり,社会,外国産の米は、お菓子に加工されたり、(①)のえさや外国への援助に使われている。,①家畜
第11回 月/米づくり,社会,味がよい、倒れにくい、寒さに強いなど、目的にあった品種(種類)を作り出すことを何というか。,品種改良
第11回 月/米づくり,社会,越後平野で生産されているブランド米。,コシヒカリ
第11回 月/米づくり,社会,冬に雪の多い北陸地方や東北地方などは、米の(①)地帯である。,①単作
第11回 月/米づくり,社会,米をくだいて粉にした米粉を使って、(①)やケーキ、めんなどに加工している。,①パン
第11回 月/米づくり,社会,水田がたくわえられる水の量は、全国にあるダムの貯水量の3倍以上あるといわれ、(①)を防ぐはたらきを持つ。,①洪水
第11回 月/米づくり,社会,水田の水はゆっくり地下にしみこむので、(①)の量を安定させ、しみこんだきれいな水の供給源となっている。,①地下水
第11回 月/米づくり,社会,水田にたまった水は少しずつ蒸発するために、(①)をやわらげるはたらきをする。,①夏の暑さ
第11回 月/米づくり,社会,水田は、(①)やかえるなどのさまざまな生き物のすみかとなっている。かえるは稲につく害虫を食べてくれる。,①どじょう
第11回 月/米づくり,社会,田植えの後、水をぬき1週間ほど土を乾かす作業。土に酸素が入り、稲の根がよくのびる。,中干し
第11回 月/米づくり,社会,1970年ごろから国が進めた生産調整。,減反(政策)
第11回 月/米づくり,社会,米の代わりに大豆や野菜を栽培すること。,転作
第11回 月/米づくり,社会,米の生産調整には、その耕地で何も栽培しない(①)などの方法もある。,①休耕
第11回 月/米づくり,社会,山の斜面に階段のようにつくられた水田。,棚田(千枚田)
第11回 月/米づくり,社会,山の斜面につくった田んぼは、(①)を防ぐはたらきをしている。,①土砂くずれ
第11回 月/米づくり,社会,玄米から、ぬか(皮)と胚芽を取りのぞいたもの。,精白米
第11回 月/米づくり,社会,有機栽培でつくられた米を何と呼ぶか。,有機米
第12回 いろいろな気体/畑でつくられるもの,社会,大豆からつくられるもの、①みぞ、②とうふ、③しょうゆ、④茶、⑤きな粉、⑥納豆、⑦塩、⑧サラダ油、,①、②、③、⑤、⑥、⑧
第12回 いろいろな気体/畑でつくられるもの,社会,いった大豆をまいて、病気を引き起こす悪い気を追っ払う2月に行われる行事。,節分
第12回 いろいろな気体/畑でつくられるもの,社会,涼しくて雨があまり多くない気候に向いた作物で、北海道などで栽培されている穀物。,小麦
第12回 いろいろな気体/畑でつくられるもの,社会,涼しい気候に向いた作物で、油をとったしぼりかすは家畜のえさになる穀物。,大豆
第12回 いろいろな気体/畑でつくられるもの,社会,多くは家畜のえさとなる穀物。,とうもろこし
第12回 いろいろな気体/畑でつくられるもの,社会,馬鈴薯(ばれいしょ)と呼ばれるいも類。そのでんぷんから片栗粉などがつくられる。,じゃがいも
第12回 いろいろな気体/畑でつくられるもの,社会,鹿児島県西部の昔の国名がついたいも類。甘みがあることから甘藷(かんしょ)と呼ばれる。,さつまいも
第12回 いろいろな気体/畑でつくられるもの,社会,とうもろこしやさとうきびなどを原料とした燃料。,バイオ燃料
第12回 いろいろな気体/畑でつくられるもの,社会,糖の原料となるもので、沖縄県や鹿児島県でつくられている工芸作物。,さとうきび
第12回 いろいろな気体/畑でつくられるもの,社会,糖の原料となるもので、北海道でつくられている工芸作物。,てんさい(ビート)
第12回 いろいろな気体/畑でつくられるもの,社会,茶は、暖かく水はけのよい地域で栽培される工芸作物で、静岡県、鹿児島県、(①)などで生産量が多い。,①三重県
第12回 いろいろな気体/畑でつくられるもの,社会,群馬県の特産物の工芸作物。,こんにゃくいも
第12回 いろいろな気体/畑でつくられるもの,社会,たたみ表やござなどに加工される工芸作物。,いぐさ
第12回 いろいろな気体/畑でつくられるもの,社会,木の皮が、和紙の原料となる工芸作物。,こうぞ・みつまた
第12回 いろいろな気体/畑でつくられるもの,社会,和紙は、昔から半紙や障子紙などに使われ、越前和紙や(①)和紙などの伝統的工芸品が有名。,①土佐
第12回 いろいろな気体/畑でつくられるもの,社会,布などを赤色に染めるのに使われたり、食用油や口紅に加工される工芸作物。,紅花
第12回 いろいろな気体/畑でつくられるもの,社会,お盆やおわんなどに塗って漆器として仕上げる、木から取れる液。,うるし
第12回 いろいろな気体/畑でつくられるもの,社会,お茶で、つみとった茶の葉を蒸して、もんで乾かしたもの。,緑茶
第12回 いろいろな気体/畑でつくられるもの,社会,茶の葉を発酵(微生物のはたらきにより変化させる)させたもの。,紅茶
第12回 いろいろな気体/畑でつくられるもの,社会,茶の葉を、完全には発酵(微生物のはたらきにより変化させる)させていないもの。,ウーロン茶
第12回 いろいろな気体/畑でつくられるもの,社会,高級で知られる茶。,宇治茶(京都府)
第12回 いろいろな気体/畑でつくられるもの,社会,関東地方の有名な茶。,狭山茶(埼玉県)
第12回 いろいろな気体/畑でつくられるもの,社会,茶の新芽は、冷たい空気に弱く、畑に霜がおりると枯れてします。それを避けるために、(①)を回す。,①ファン(扇風機)
第12回 いろいろな気体/畑でつくられるもの,社会,水分が少ないやせた土地でも育つことから、太平洋戦争のころ、学校や神社、国会議事堂の前でもつくられた作物。,さつまいも
第12回 いろいろな気体/畑でつくられるもの,社会,稲、麦、とうもろこし、豆など、われわれがその種や実を食べる植物のこと。,穀物
第12回 いろいろな気体/畑でつくられるもの,社会,小麦粉からつくられるもの、①うどん、②わさび、③パスタ、④パン、⑤クッキー、⑥あんこ、⑦しょうゆ,①、③、④、⑤、⑦
第12回 いろいろな気体/畑でつくられるもの,社会,小麦の国内生産量の多い都道府県は、北海道、(①)、佐賀県など。,①福岡県
第12回 いろいろな気体/畑でつくられるもの,社会,小麦は国内生産量はわずかなため、輸入にたよる作物。どの国から多く輸入しているか。,アメリカ
第12回 いろいろな気体/畑でつくられるもの,社会,国内の小麦生産量が少ない理由は、外国産の方が安い、収穫の6月頃は(①)で収穫量が天候に左右されるから。,①梅雨
第12回 いろいろな気体/畑でつくられるもの,社会,大豆の国内生産量の多い都道府県は、(①)、宮城県、福岡県など。,①北海道
第12回 いろいろな気体/畑でつくられるもの,社会,食用のとうもろこしを何と呼ぶか。,スイートコーン
第12回 いろいろな気体/畑でつくられるもの,社会,食用のとうもろこしは、①穀物、②野菜、③果物、のいずれか。,②
第12回 いろいろな気体/畑でつくられるもの,社会,食用のとうもろこしの国内生産量が多い都道府県は、北海道、茨城県、(①)など。,①千葉県
第12回 いろいろな気体/畑でつくられるもの,社会,じゃがいもの生産量が多い都道府県は、北海道、(①)、長崎県など。,①鹿児島県
第12回 いろいろな気体/畑でつくられるもの,社会,さつまいもの生産量が多い都道府県は、鹿児島県、(①)、千葉県など。,①茨城県
第12回 いろいろな気体/畑でつくられるもの,社会,工場などで、食品をはじめとするいろいろな製品に加工される作物j。,工芸作物
第12回 いろいろな気体/畑でつくられるもの,社会,たたみ表となるいぐさの生産地として有名な九州の県。,熊本県
第12回 いろいろな気体/畑でつくられるもの,社会,口紅などにも使われる紅花の産地として有名な東北の県。,山形県
第12回 いろいろな気体/畑でつくられるもの,社会,菜の花や油菜とも呼ばれる植物の種。しぼってとれる油は、サラダ油になる。昔は、照明の燃料にも使われた。,菜種
第13回 物の燃え方/野菜とくだものつくり,社会,大都市の近くで作物をつくれば、短い時間で届けることができるので(①)なまま大消費地で売ることができる。,①新鮮
第13回 物の燃え方/野菜とくだものつくり,社会,大都市の近くで作物をつくれば、運ぶ距離が短いので(①)にかかる費用が安くなる。,①輸送
第13回 物の燃え方/野菜とくだものつくり,社会,大都市のまわりで、野菜やくだもの、花などをつくる農業。,近郊農業
第13回 物の燃え方/野菜とくだものつくり,社会,野菜の生産額を多い都道府県は、1位北海道、2位(①)、3位千葉県、4位熊本県、5位愛知県。,①茨城県
第13回 物の燃え方/野菜とくだものつくり,社会,浅間山のふもと、群馬県の(①)はキャベツの産地として有名。,①嬬恋村
第13回 物の燃え方/野菜とくだものつくり,社会,八ヶ岳のふもと、長野県の(①)はレタスの産地として有名。,①野辺山原
第13回 物の燃え方/野菜とくだものつくり,社会,夏でもすずしい高原の気候を利用して、レタスやキャベツ、はくさいなどを栽培する農業。,高冷地農業
第13回 物の燃え方/野菜とくだものつくり,社会,野菜や花などを、ふつうよりも早い時期につくること。,促成栽培
第13回 物の燃え方/野菜とくだものつくり,社会,ビニールハウスなどの施設を使わずに、作物を栽培する方法。,露地栽培
第13回 物の燃え方/野菜とくだものつくり,社会,キャベツの生産額が多い都道府県は、1位群馬県、2位(①)、3位千葉県。,②愛知県
第13回 物の燃え方/野菜とくだものつくり,社会,ピーマンの生産額が多い都道府県は、1位(①)、2位宮崎県、3位高知県。,①茨城県
第13回 物の燃え方/野菜とくだものつくり,社会,伝統野菜として有名な京都府の野菜のことを何と呼ぶか。,京野菜
第13回 物の燃え方/野菜とくだものつくり,社会,伝統野菜として有名な金沢市の野菜のことを何と呼ぶか。,加賀野菜
第13回 物の燃え方/野菜とくだものつくり,社会,たまねぎの生産額が多い都道府県は、1位北海道、2位(①)、3位兵庫県。,①佐賀県
第13回 物の燃え方/野菜とくだものつくり,社会,にんじんの生産額が多い都道府県は、1位北海道、2位(①)。,①千葉県
第13回 物の燃え方/野菜とくだものつくり,社会,だいこんの生産額が多い都道府県は、1位北海道、2位(①)、3位青森県。,①千葉県
第13回 物の燃え方/野菜とくだものつくり,社会,レタスの生産額が多い都道府県は、1位長野県、2位(①)、3位群馬県。,①茨城県
第13回 物の燃え方/野菜とくだものつくり,社会,きゅうりの生産額が多い都道府県は、1位宮崎県、2位(①)。,①群馬県
第13回 物の燃え方/野菜とくだものつくり,社会,なすの生産額が多い都道府県は、1位高知県、2位(①)、3位群馬県。,②熊本県
第13回 物の燃え方/野菜とくだものつくり,社会,はくさいの生産額が多い都道府県は、1位(①)、2位茨城県。,①長野県
第13回 物の燃え方/野菜とくだものつくり,社会,もっとも輸入量が多いくだもの。,バナナ
第13回 物の燃え方/野菜とくだものつくり,社会,輸入量が多いくだもの、①すいか、②オレンジ、③ぶどう、④パイナップル、⑤キウイフルーツ,②、④、⑤
第13回 物の燃え方/野菜とくだものつくり,社会,くだものの輸入が増えた理由としては、外国から(①)の輸入を求められたこともある。,①オレンジ
第13回 物の燃え方/野菜とくだものつくり,社会,くだものの輸入が増えた理由としては、外国産のくだものの方が値段が(①)い。,①安
第13回 物の燃え方/野菜とくだものつくり,社会,みかんの生産額が多い都道府県は、1位(①)、2位愛媛県。,①和歌山県
第13回 物の燃え方/野菜とくだものつくり,社会,りんごの生産額が多い都道府県は、1位青森県、2位(①)。,①長野県
第13回 物の燃え方/野菜とくだものつくり,社会,日本なしの生産額が多い都道府県は、1位(①)、2位千葉県。,①茨城県
第13回 物の燃え方/野菜とくだものつくり,社会,ぶどうの生産額が多い都道府県は、1位(①)、2位長野県。,①山梨県
第13回 物の燃え方/野菜とくだものつくり,社会,ももの生産額が多い都道府県は、1位山梨県、2位(①)。,①福島県
第13回 物の燃え方/野菜とくだものつくり,社会,おうとう(さくらんぼ)の生産額が1位の都道府県。,山形県
第13回 物の燃え方/野菜とくだものつくり,社会,嬬恋村で栽培されている主な野菜。,キャベツ
第13回 物の燃え方/野菜とくだものつくり,社会,野辺山原で栽培されている主な野菜。,レタス
第13回 物の燃え方/野菜とくだものつくり,社会,高冷地農業でつくられる野菜。,高原野菜
第13回 物の燃え方/野菜とくだものつくり,社会,促成栽培で有名な九州地方の地域。,宮崎平野
第13回 物の燃え方/野菜とくだものつくり,社会,促成栽培で有名な中国・四国地方の地域。,高知平野
第13回 物の燃え方/野菜とくだものつくり,社会,促成栽培でつくられる夏野菜、①ビーマン、②たまねぎ、③だいこん、④きゅうり、⑤なす、⑥キャベツ,①、④、⑤
第13回 物の燃え方/野菜とくだものつくり,社会,あたたかい気候を好み、段々畑などで栽培されているくだもの。,みかん
第13回 物の燃え方/野菜とくだものつくり,社会,すずしい気候を好み、東北地方の1県で日本でつくられる量の半分が生産されているくだもの。,りんご
第13回 物の燃え方/野菜とくだものつくり,社会,日照時間が長く、昼と夜の気温差が大きい盆地の気候が栽培に向いていて、ワインの原料にもなるくだもの。,ぶどう
第13回 物の燃え方/野菜とくだものつくり,社会,盆地で栽培され、春に花を楽しむことができ、7～8月に実るくだもの。,もも
第13回 物の燃え方/野菜とくだものつくり,社会,国内で消費されている量の9割が外国産で、国内では、瀬戸内海に面した広島県や愛媛県で生産されているくだもの。,レモン
第14回 音/肉や牛乳をつくる,社会,家畜を飼って、肉、牛乳、たまごなどを生産する農業。,畜産(畜産業)
第14回 音/肉や牛乳をつくる,社会,乳牛からとる牛乳は、飲用乳になるほか、バターや(①)などの乳製品に加工される。,①チーズ
第14回 音/肉や牛乳をつくる,社会,乳牛は、広い土地に恵まれた北海道や(①)県、大都市に近い関東地方などで多く飼われている。,①岩手
第14回 音/肉や牛乳をつくる,社会,輸入される外国案の牛肉に対抗するために、生産努力をしている品質の良い牛肉。,ブランド牛
第14回 音/肉や牛乳をつくる,社会,肉牛(肉を生産するための牛)は、北海道や(①)県、(②)県などで多く飼われている。,①鹿児島、②宮崎
第14回 音/肉や牛乳をつくる,社会,外国産の安い牛肉が自由に輸入できるようになったのは西暦何年からか。,1991年
第14回 音/肉や牛乳をつくる,社会,ぶたは、鹿児島県や(①)県で多く飼われている。,①宮崎
第14回 音/肉や牛乳をつくる,社会,たまごを生産するための採卵鶏は、(①)県などの関東地方で多く飼われている。,①茨城
第14回 音/肉や牛乳をつくる,社会,肉用の若鶏は、宮崎県や(①)県などで多く飼われている。,①鹿児島
第14回 音/肉や牛乳をつくる,社会,家畜の飼料として利用するために、水田で栽培された米のことを何と呼ぶか。,飼料用米
第14回 音/肉や牛乳をつくる,社会,食べ物などの商品ががいつ、どこで生産され、どのようにして消費者まで届いたのかを調べることができるしくみ。,トレーサビリティ
第14回 音/肉や牛乳をつくる,社会,家畜に与えるえさ。,飼料
第14回 音/肉や牛乳をつくる,社会,にわとりは、きつねなどの動物におそわれやすいため、鶏舎の周りを(①)が流れる柵で囲むなどの対策をしている。,①電気
第14回 音/肉や牛乳をつくる,社会,乳牛の乳しぼりは毎日、①1回、②2～3回、③5～7回、行う、のいずれか。,②
第14回 音/肉や牛乳をつくる,社会,休みをとりにくい酪農農家が休めるように、代わりに乳しぼりやそうじ、えさやりなどを行う人。,酪農ヘルパー
第14回 音/肉や牛乳をつくる,社会,畜産農家が減少している理由としては、高齢化、(①)が不足していることなどがある。,①後継ぎ
第14回 音/肉や牛乳をつくる,社会,畜産農家が減少している理由としては、安い輸入肉との競争が厳しいとか、設備や(①)に多くの費用がかかるなど。,①飼料
第14回 音/肉や牛乳をつくる,社会,品質のよさを広く伝え、たくさん売れるようにするため、生産された地名をつけるなど(①)化をすすめている。,①ブランド
第14回 音/肉や牛乳をつくる,社会,家畜の世話を機械化したり、(①)で管理したりすることで、人手不足を補う工夫をしている。,①コンピューター
第14回 音/肉や牛乳をつくる,社会,家畜の飼料の多くは輸入に頼る現状から、飼料用に生産された(①)を使うなどの試みがある。,①米
第14回 音/肉や牛乳をつくる,社会,日本の農業生産額では、かつては(①)の生産額が最も多かった。,①米
第14回 音/肉や牛乳をつくる,社会,現在、日本の農業生産額で最も多いのは(①)、次いで米、野菜が続く。,①畜産
第14回 音/肉や牛乳をつくる,社会,日本の農業生産額が多い都道府県では、1位が北海道、次いで(①)県、茨城県、千葉県、宮崎県と続く。,①鹿児島
第14回 音/肉や牛乳をつくる,社会,畜産のなかでも、牛乳や乳製品をつくるための乳牛を飼って飲食物を生産する農業。,酪農
第14回 音/肉や牛乳をつくる,社会,三重県のブランド牛。,松阪牛
第14回 音/肉や牛乳をつくる,社会,山形県のブランド牛。,米沢牛
第14回 音/肉や牛乳をつくる,社会,兵庫県のブランド牛。,神戸ビーフ
第14回 音/肉や牛乳をつくる,社会,飼料には、牧草や稲のわらなどのほか、(①)、大豆、麦などを粉にしたり、つぶしたりしたものが使われる。,①とうもろこし
第14回 音/肉や牛乳をつくる,社会,家畜の飼料になる作物。,飼料作物
第14回 音/肉や牛乳をつくる,社会,畜産の生産額が増えた理由としては、(①)の食事が広まり、肉や乳製品が好まれるようになったから。,①洋食
第16回 冬の生物/よい作物、多くの作物を作るには？,理科,きつねは、①冬眠する、②冬眠しない、のいずれか。,②
第16回 冬の生物/よい作物、多くの作物を作るには？,理科,冬至は、①11月21日頃、②12月21日頃、③1月21日頃、のいずれか。,②
第16回 冬の生物/よい作物、多くの作物を作るには？,理科,夏至は、①4月21日頃、②5月21日頃、③6月21日頃、のいずれか。,③
第16回 冬の生物/よい作物、多くの作物を作るには？,理科,昼の長さが長くなっていくと花芽をつくる植物は、①アブラナ、②ダイコン、③ホウレンソウ、④ムギ、⑤アヤメ,①、②、③、④、⑤
第16回 冬の生物/よい作物、多くの作物を作るには？,理科,冬に旬(おいしく食べられる時期)の野菜は、①カブ、②ダイコン、③キャベツ、④ハクサイ、⑤ホウレンソウ,①、②、④、⑤
第16回 冬の生物/よい作物、多くの作物を作るには？,理科,冬に旬(おいしく食べられる時期)の魚は、①サンマ、②ヒラメ、③フグ、④キンメダイ、⑤ブリ、⑥ワカサギ,②、③、④、⑤、⑥
第16回 冬の生物/よい作物、多くの作物を作るには？,理科,冬に野原で花を咲かせる植物。,フクジュソウ
第16回 冬の生物/よい作物、多くの作物を作るには？,理科,冬に、庭や花だんで咲く花としては、ヤツデ、(①)、ロウバイ、(②)、スイセン。,①サザンカ、②ツバキ
第16回 冬の生物/よい作物、多くの作物を作るには？,理科,春に芽生えて花や葉になるつくり。,冬芽
第16回 冬の生物/よい作物、多くの作物を作るには？,理科,タンポポのように、葉を地面にへばりつくように広げているすがたのことを何というか。,ロゼット
第16回 冬の生物/よい作物、多くの作物を作るには？,理科,秋に花をさかせ、しげらせた葉で冬の間光合成をして養分を球根にたくわえ。秋まで球根のすがたですごす植物。,ヒガンバナ
第16回 冬の生物/よい作物、多くの作物を作るには？,理科,一年中緑色の葉をつけている樹木。,常緑樹
第16回 冬の生物/よい作物、多くの作物を作るには？,理科,地上部がかれ、地下のくきで冬を越す植物には、(①)やハスなどがある。,①ススキ
第16回 冬の生物/よい作物、多くの作物を作るには？,理科,地上部がかれ、根で冬を越す植物には、ダリアや(①)などがある。,①キク
第16回 冬の生物/よい作物、多くの作物を作るには？,理科,地上部も地下部もかれ、夏から秋につくった種子で冬を超す植物には、アサガオ、ヘチマ、ヒマワリ、(①)がある。,①トウモロコシ
第16回 冬の生物/よい作物、多くの作物を作るには？,理科,たくさんのりんぺんで包まれている冬芽で冬を越す植物には、(①)やコナラなどがある。,①サクラ
第16回 冬の生物/よい作物、多くの作物を作るには？,理科,細かい毛の生えた大きなりんぺんに包まれた冬芽で冬を越す植物には、(①)やコブシなどがある。,①モクレン
第16回 冬の生物/よい作物、多くの作物を作るには？,理科,1枚のりんぺんがすっぽり包んでいる冬芽で冬を越す植物には、スズカケノキや(①)などがある。,①ネコヤナギ
第16回 冬の生物/よい作物、多くの作物を作るには？,理科,りんぺんの表面が油のようなねばねばした液でおおわれている冬芽で冬を越す植物には、(①)などがある。,①トチノキ
第16回 冬の生物/よい作物、多くの作物を作るには？,理科,りんぺんがなく、葉を小さくしたものが何枚も重なっている冬芽で冬を越す植物には、(①)などがある。,①アジサイ
第16回 冬の生物/よい作物、多くの作物を作るには？,理科,クリスマスツリーに使われる常緑樹。,モミ
第16回 冬の生物/よい作物、多くの作物を作るには？,理科,お正月の玄関に置かれる門松に使われる常緑樹。,マツ
第16回 冬の生物/よい作物、多くの作物を作るには？,理科,節分のときにかざるのは何という常緑樹の葉か。,ヒイラギ
第16回 冬の生物/よい作物、多くの作物を作るには？,理科,木の枝や幹に卵のすがたで冬越しをする昆虫。,カマキリ
第16回 冬の生物/よい作物、多くの作物を作るには？,理科,土の中で幼虫のすがたで冬越しをする昆虫には、(①)やセミがいる。,①カブトムシ
第16回 冬の生物/よい作物、多くの作物を作るには？,理科,水の中で幼虫のすがたで冬越しをする昆虫。,ギンヤンマ
第16回 冬の生物/よい作物、多くの作物を作るには？,理科,木の枝や幹にさなぎのすがたで冬越しする昆虫には、アゲハや(①)がいる。,①モンシロチョウ
第16回 冬の生物/よい作物、多くの作物を作るには？,理科,石や落ち葉の下に成虫のすがたで冬越しする昆虫。,テントウムシ
第16回 冬の生物/よい作物、多くの作物を作るには？,理科,卵のすがたで冬越しする昆虫、①バッタ、②コオロギ、③アリ、④アキアカネ、⑤オオムラサキ,①、②、④
第16回 冬の生物/よい作物、多くの作物を作るには？,理科,幼虫のすがたで冬越しする昆虫、①ミツバチ、②ミノガ、③バッタ、④オオムラサキ、⑤コオロギ,②、④
第16回 冬の生物/よい作物、多くの作物を作るには？,理科,成虫のすがたで冬越しする昆虫、①ミツバチ、②アキアカネ、③ミノガ、③バッタ、④アリ、⑤コオロギ,①、④
第16回 冬の生物/よい作物、多くの作物を作るには？,理科,(①)やヘビは、昆虫と同じように、気温が下がると体温も下がり動けなくなるので冬眠する。,①カエル
第16回 冬の生物/よい作物、多くの作物を作るには？,理科,常緑樹で、低温やかんそうに耐えられるように葉が細い針葉樹には、スギ、(①)、ヒノキなどがある。,①マツ
第16回 冬の生物/よい作物、多くの作物を作るには？,理科,常緑樹で、葉を広く広げる広葉樹には、(①)、サザンカ、シイ、カシなどがある。,①ツバキ
第16回 冬の生物/よい作物、多くの作物を作るには？,理科,秋に葉を落とした樹木には、(①)がついている。,①冬芽
第16回 冬の生物/よい作物、多くの作物を作るには？,理科,北の国で生活していた(①)、ガン、マガモなどの冬鳥は、秋の終わりごろに日本に渡って来て日本で過ごす。,①ハクチョウ
第16回 冬の生物/よい作物、多くの作物を作るには？,理科,冬に、雪がつもった高山で、からだが茶色から白い羽に変えて天敵から見つかりにくいすがたになる鳥。,ライチョウ
第16回 冬の生物/よい作物、多くの作物を作るには？,理科,冬に、山地から平地に移ってきて、ささやぶなどで小さな虫をさがす漂鳥。,ウグイス
第16回 冬の生物/よい作物、多くの作物を作るには？,理科,気温が下がっても体温を一定に保つが、エサが少なくなるので冬に冬眠する動物。めすは冬眠の間に子を産む。,クマ
第16回 冬の生物/よい作物、多くの作物を作るには？,理科,ロゼットのすがたで冬越しをする植物、①タンポポ、②サクラ、③ナズナ、④ハルジオン、⑤オオマツヨイグサ、,①、③、④、⑤
第16回 冬の生物/よい作物、多くの作物を作るには？,理科,冬に、茶色から白い冬の毛に変えるウサギ。,エゾユキウサギ
第16回 冬の生物/よい作物、多くの作物を作るには？,理科,冬眠する動物、①キツネ、②モグラ、③イタチ、④コウモリ、⑤ニホンカモシカ、⑥ニホンザル,②、④
第17回 水溶液の分類/食べ物は日本でつくられる？,理科,工場のけむりや車のはい気ガスにふくまれるいおう酸化物やちっ素酸化物がとけこんんで強い酸性をしめす雨。,酸性雨
第17回 水溶液の分類/食べ物は日本でつくられる？,理科,雨はもともと大気中にとけている(①)により弱い酸性をします。,①二酸化炭素
第17回 水溶液の分類/食べ物は日本でつくられる？,理科,固体をとかした水溶液、①食塩、②アルコール、③ホウ酸、④砂糖、⑤水酸化ナトリウム、⑥水酸化カルシウム,①、③、④、⑤、⑥
第17回 水溶液の分類/食べ物は日本でつくられる？,理科,液体をとかした水溶液、①酢酸、②食塩、③アルコール、④塩化水素、⑤水酸化カルシウム、⑥アンモニア,①、③
第17回 水溶液の分類/食べ物は日本でつくられる？,理科,気体をとかした水溶液、①アルコール、②アンモニア、③ホウ酸、④二酸化炭素、⑤酢酸、⑥塩化水素,②、④、⑥
第17回 水溶液の分類/食べ物は日本でつくられる？,理科,水溶液を熱して水を蒸発させると、あとに物質が残るのは、①固体、②液体、③気体、のいずれか。,①
第17回 水溶液の分類/食べ物は日本でつくられる？,理科,熱すると黒くこげる物質。,砂糖
第17回 水溶液の分類/食べ物は日本でつくられる？,理科,水溶液に固体がとけているかを調べるには、(①)に水溶液を数てきとり加熱する。,①スライドガラス
第17回 水溶液の分類/食べ物は日本でつくられる？,理科,二酸化炭素が水にとけてできる水溶液。,炭酸水
第17回 水溶液の分類/食べ物は日本でつくられる？,理科,塩化水素が水にとけてできる水溶液。,塩酸
第17回 水溶液の分類/食べ物は日本でつくられる？,理科,石灰水の正式名称。,水酸化カルシウム水溶液
第17回 水溶液の分類/食べ物は日本でつくられる？,理科,においがある水溶液、①石灰水、②塩酸、③アンモニア水、④砂糖水、⑤酢酸水溶液、⑥アルコール水溶液、,②、③、⑤、⑥
第17回 水溶液の分類/食べ物は日本でつくられる？,理科,においを調べるときは、水溶液を入れた試験管に鼻を直接近づけず、(①)であおぐようにしてかぐ。,①手
第17回 水溶液の分類/食べ物は日本でつくられる？,理科,水溶液の性質を調べるもの。,指示薬
第17回 水溶液の分類/食べ物は日本でつくられる？,理科,青色リトマス紙を赤色に変えるのは、①酸性、②中性、③アルカリ性、のいずれか。,①
第17回 水溶液の分類/食べ物は日本でつくられる？,理科,赤色リトマス紙を青色に変えるのは、①酸性、②中性、③アルカリ性、のいずれか。,③
第17回 水溶液の分類/食べ物は日本でつくられる？,理科,酸性を示す水溶液は、①食塩水、②ホウ酸水、③アンモニア水、④酢酸水溶液、⑤塩酸、⑥炭酸水,②、④、⑤、⑥
第17回 水溶液の分類/食べ物は日本でつくられる？,理科,赤色リトマス紙、青色リトマス紙それぞれ色が変化しないのは、①酸性、②中性、③アルカリ性、のいずれか。,②
第17回 水溶液の分類/食べ物は日本でつくられる？,理科,中性を示す水溶液は、①食塩水、②ホウ酸水、③砂糖水、④アンモニア水、⑤アルコール水、⑥炭酸水,①、③、④
第17回 水溶液の分類/食べ物は日本でつくられる？,理科,アルカリ性を示す水溶液は、①ホウ酸水、②水酸化ナトリウム水溶液、③石灰水、④アンモニア水、⑤炭酸水,②、③、④
第17回 水溶液の分類/食べ物は日本でつくられる？,理科,BTB液はもともと何色。,緑色
第17回 水溶液の分類/食べ物は日本でつくられる？,理科,BTB液は、酸性の水溶液に加えると何色に変化するか。,黄色
第17回 水溶液の分類/食べ物は日本でつくられる？,理科,BTB液は、アルカリ性の水溶液に加えると何色に変化するか。,青色
第17回 水溶液の分類/食べ物は日本でつくられる？,理科,むらさきキャベツ液はもともと何色。,紫色
第17回 水溶液の分類/食べ物は日本でつくられる？,理科,むらさきキャベツ液は、強い酸性の水溶液に加えると何色に変化するか。,赤色
第17回 水溶液の分類/食べ物は日本でつくられる？,理科,むらさきキャベツ液は、弱い酸性の水溶液に加えると何色に変化するか。,ピンク色
第17回 水溶液の分類/食べ物は日本でつくられる？,理科,むらさきキャベツ液は、中性の水溶液に加えると何色に変化するか。,むらさき色
第17回 水溶液の分類/食べ物は日本でつくられる？,理科,むらさきキャベツ液は、弱いアルカリ性の水溶液に加えると何色に変化するか。,緑色
第17回 水溶液の分類/食べ物は日本でつくられる？,理科,むらさきキャベツ液は、強いアルカリ性の水溶液に加えると何色に変化するか。,黄色
第17回 水溶液の分類/食べ物は日本でつくられる？,理科,水に物質をとかしたもの。,水溶液
第17回 水溶液の分類/食べ物は日本でつくられる？,理科,物質の3つのすがた。,固体、液体、気体
第17回 水溶液の分類/食べ物は日本でつくられる？,理科,水溶液を熱して水を蒸発させると、あとに何も残らないのは、①固体、②液体、③気体、のいずれか。,②、③
第17回 水溶液の分類/食べ物は日本でつくられる？,理科,水を蒸発させてあとに固体が残る水溶液、①炭酸水、②食塩水、③石灰水、④酢酸水溶液,②、③
第17回 水溶液の分類/食べ物は日本でつくられる？,理科,試験管に入れた水溶液を手であおいでにおいをかぐのは、(①)を大量に吸いこまないようにするため。,①物質
第17回 水溶液の分類/食べ物は日本でつくられる？,理科,水溶液の3つの性質は、(①)、中性、(②)。,①酸性、②アルカリ性
第17回 水溶液の分類/食べ物は日本でつくられる？,理科,リトマスゴケという生物が原料の指示薬。,リトマス紙
第17回 水溶液の分類/食べ物は日本でつくられる？,理科,電気を通す水溶液、①酸性の水溶液、②中性の水溶液、③アルカリ性の水溶液、のいずれか。,①、③
第17回 水溶液の分類/食べ物は日本でつくられる？,理科,電気を通す水溶液、①食塩水、②砂糖水、③ほう酸水、④水酸化ナトリウム水溶液、⑤アルコール水溶液,①、③、④
第16回 冬の生物/よい作物、多くの作物を作るには？,社会,1950年代に本格的に開拓された、現在では酪農が盛んな北海道の地域。,根釧台地
第16回 冬の生物/よい作物、多くの作物を作るには？,社会,1950年代に本格的に開拓された、現在では高冷地農業が盛んな長野県の地域。,野辺山原
第16回 冬の生物/よい作物、多くの作物を作るには？,社会,日本の国土全体にしめる耕地の割合は、①1%、②12%、③34%、④73%、のいずれか。,②
第16回 冬の生物/よい作物、多くの作物を作るには？,社会,耕地の内、田んぼが占める割合は、①12%、②28%、③54%、④82%、のいずれか。,③
第16回 冬の生物/よい作物、多くの作物を作るには？,社会,耕地の内、葉竹が占める割合は、①5%、②19%、③26%、④41%、⑤62%、のいずれか。,③
第16回 冬の生物/よい作物、多くの作物を作るには？,社会,日本の干拓地として有名な九州地方の海。,有明海
第16回 冬の生物/よい作物、多くの作物を作るには？,社会,日本の干拓地として有名な岡山県の海。,児島湾
第16回 冬の生物/よい作物、多くの作物を作るには？,社会,日本の干拓地として有名な秋田県方の海。,八郎潟
第16回 冬の生物/よい作物、多くの作物を作るには？,社会,(①)川の下流域は、水はけの悪い湿田から乾田につくり変えられたことで有名。,①信濃川
第16回 冬の生物/よい作物、多くの作物を作るには？,社会,湿田から乾田につくり変えるときに有効な方法。,暗きょ排水
第16回 冬の生物/よい作物、多くの作物を作るには？,社会,田畑の境界や農道・用水路をまっすぐにして、農業機械を使いやすくすること。,耕地整理
第16回 冬の生物/よい作物、多くの作物を作るには？,社会,客土で有名な北海道の地域。,石狩平野
第16回 冬の生物/よい作物、多くの作物を作るには？,社会,水不足をなくすためにとられる方法には、用水路の整備や(①)などがある。,①ため池
第16回 冬の生物/よい作物、多くの作物を作るには？,社会,木曽川の水を知多半島に送る用水路。,愛知用水
第16回 冬の生物/よい作物、多くの作物を作るには？,社会,矢作川の水を岡崎平野に送る用水路。,明治用水
第16回 冬の生物/よい作物、多くの作物を作るには？,社会,天竜川の水を豊川に流して渥美半島に送る用水路。,豊川用水
第16回 冬の生物/よい作物、多くの作物を作るには？,社会,猪苗代湖の水を郡山盆地に送る用水路。,安積疎水
第16回 冬の生物/よい作物、多くの作物を作るには？,社会,吉野川の水を讃岐平野に送る用水路。,香川用水
第16回 冬の生物/よい作物、多くの作物を作るには？,社会,現在、稲作では多くの作業で(①)、田植え機、コンバインなどの大型機械が使われている。,①トラクター
第16回 冬の生物/よい作物、多くの作物を作るには？,社会,稲を栽培した後の水田で小麦を植えて畑として利用する二毛作で有名な九州地方の地域。,筑紫平野
第16回 冬の生物/よい作物、多くの作物を作るには？,社会,同じ作物を同じ耕地で1年間に2回栽培すること。,二期作
第16回 冬の生物/よい作物、多くの作物を作るには？,社会,コンピューターを利用して、人の経験や勘にたよっていた、水やりや肥料などの作業を自動で行う農業のこと。,スマート農業
第16回 冬の生物/よい作物、多くの作物を作るには？,社会,農薬には、(①)の駆除や雑草の発生を防ぐ効果がある。,①害虫
第16回 冬の生物/よい作物、多くの作物を作るには？,社会,耕地の栄養分を補う化学肥料には、(①)を減らしたり、作物が育ちにくい土地になったりのおそれがある。、,①微生物
第16回 冬の生物/よい作物、多くの作物を作るには？,社会,農薬や化学肥料を使わずにつくられた農産物のこと。,有機農産物
第16回 冬の生物/よい作物、多くの作物を作るには？,社会,有機や無農薬の農作物にはられる認証。,有機JASマーク
第16回 冬の生物/よい作物、多くの作物を作るには？,社会,質・生産方法など、国が定めた基準をみたしている飲食物などにつけられる認証。,JASマーク
第16回 冬の生物/よい作物、多くの作物を作るには？,社会,せまい耕地に多くの手間と肥料を使うことで生産を増やす日本の農業のことを何というか。,集約農業
第16回 冬の生物/よい作物、多くの作物を作るには？,社会,山や荒れ地などを切り開いて田畑をつくること。,開拓
第16回 冬の生物/よい作物、多くの作物を作るには？,社会,堤防をつくって海の水を干し上げる耕地の開発方法。,干拓
第16回 冬の生物/よい作物、多くの作物を作るには？,社会,ほかの生物の遺伝子を作物に入れることで、農薬に強いなどの新しい性質をもった作物。,遺伝子組み換え作物
第16回 冬の生物/よい作物、多くの作物を作るには？,社会,干拓され現在は耕地として利用されている、かつて日本で2番目に大きかった湖。,八郎潟
第16回 冬の生物/よい作物、多くの作物を作るには？,社会,かつて日本で2番目に大きかった湖を干拓して誕生した地域の名前。,大潟村
第16回 冬の生物/よい作物、多くの作物を作るには？,社会,作物がよく育つ土地にするため、質のよくない土によその土地のよい土をまぜたり、入れかえたりすること。,客土
第16回 冬の生物/よい作物、多くの作物を作るには？,社会,雨の少ない瀬戸内海沿岸や奈良県の盆地で、かんがい(田畑に水をｌ引くこと)のために昔からつくられたもの。,ため池
第16回 冬の生物/よい作物、多くの作物を作るには？,社会,福島県の用水路で有名な安積疎水は、猪苗代湖の水を何という地域に送っているか。,郡山盆地
第16回 冬の生物/よい作物、多くの作物を作るには？,社会,レタスの二期作で有名な関東地方の都県。,茨城県
第16回 冬の生物/よい作物、多くの作物を作るには？,社会,じゃがいもの二期作で有名な九州地方の県。,長崎県
第16回 冬の生物/よい作物、多くの作物を作るには？,社会,ビニールハウスのセンサーで読み取る項目、①太陽光の量、②肥料の量、③地温、④水分量、⑤二酸化炭素の量,①、③、④、⑤
第16回 冬の生物/よい作物、多くの作物を作るには？,社会,ため池は、香川県の(①)平野のほか、兵庫県、広島県、岡山県などに多くつくられた。,①讃岐平野
第16回 冬の生物/よい作物、多くの作物を作るには？,社会,有機JASマークは、太陽と(①)を図案化し、自然のめぐみによって植物の(②)が育つイメージとなっている。,①雲、②葉
第16回 冬の生物/よい作物、多くの作物を作るには？,社会,愛知県の用水路の愛知用水は、木曽川の水を何という地域に送っているか。,知多半島
第16回 冬の生物/よい作物、多くの作物を作るには？,社会,同じ耕地で1年に2種類の作物をつくること。,二毛作
第16回 冬の生物/よい作物、多くの作物を作るには？,社会,1つの作物を1年に1回栽培すること。,単作
第16回 冬の生物/よい作物、多くの作物を作るには？,社会,稲作で出たわらやもみを家畜の下にしいてふんや尿をしみこませ、たい肥センターでたい肥にするなどのしくみ。,循環型農業
第16回 冬の生物/よい作物、多くの作物を作るには？,社会,乾いた田に種もみをまき、自然に芽が出るのを待つ方法。苗が育ってきたら、田に水を入れる。,直まき
第16回 冬の生物/よい作物、多くの作物を作るには？,社会,栄養分をふくんだ水を用いて作物を育てる方法。,水耕栽培
第16回 冬の生物/よい作物、多くの作物を作るには？,社会,愛知県の用水路の明治用水は、矢作川の水を何という地域に送っているか。,岡崎平野
第16回 冬の生物/よい作物、多くの作物を作るには？,社会,愛知県の用水路の豊川用水は、天竜川の水を何という地域に送っているか。,渥美半島
第16回 冬の生物/よい作物、多くの作物を作るには？,社会,直まきの稲作では、育苗、代かき、(①)の作業をはぶくことができる。,①田植え
第16回 冬の生物/よい作物、多くの作物を作るには？,社会,水耕栽培では、害虫や(①)を取りのぞくための農薬を使う必要がない。,①雑草
第16回 冬の生物/よい作物、多くの作物を作るには？,社会,愛知県の用水路の豊川用水は、天竜川の水を何という地域に送っているか。,渥美半島
第17回 水溶液の分類/食べ物は日本でつくられる？,社会,外国産食品を輸入するとき、日本で禁止の農薬や病害虫や有害な物質が含まれていないかなどを調べる検査。,検疫
第17回 水溶液の分類/食べ物は日本でつくられる？,社会,農産物の輸入が増えた理由の1つ、日本人の食生活が変化し、(①)、肉類、乳製品などを食べる機会がふえた。,①パン
第17回 水溶液の分類/食べ物は日本でつくられる？,社会,農産物の輸入が増えた理由の1つ、(①)技術が発達して、農産物を新鮮なまま輸入できるようになった。,①輸送
第17回 水溶液の分類/食べ物は日本でつくられる？,社会,日本が野菜を輸入している主な国には、(①)やアメリカなどがある。,①中国
第17回 水溶液の分類/食べ物は日本でつくられる？,社会,日本の食料自給率は、①約5%、②約11%、③約27%、④約38%、⑤約59%、のいずれか。,④
第17回 水溶液の分類/食べ物は日本でつくられる？,社会,今の日本で、必要とする量を国内でほぼ生産できている農産物は、米と(①)くらいしかない。,①たまご
第17回 水溶液の分類/食べ物は日本でつくられる？,社会,食料自給率が100%を超えている国、①日本、②イギリス、③フランス、④アメリカ、⑤オーストラリア,③、④、⑤
第17回 水溶液の分類/食べ物は日本でつくられる？,社会,現在の米の自給率は、①82%、②97%、③131%、のいずれが近いか。,②
第17回 水溶液の分類/食べ物は日本でつくられる？,社会,現在のいも類の自給率は、①28%、②53%、③73%、のいずれが近いか。,③
第17回 水溶液の分類/食べ物は日本でつくられる？,社会,現在の小麦の自給率は、①16%、②47%、③72%、のいずれが近いか。,①
第17回 水溶液の分類/食べ物は日本でつくられる？,社会,現在の大豆の自給率は、①6%、②19%、③32%、のいずれが近いか。,①
第17回 水溶液の分類/食べ物は日本でつくられる？,社会,現在の野菜の自給率は、①23%、②51%、③79%、のいずれが近いか。,③
第17回 水溶液の分類/食べ物は日本でつくられる？,社会,現在のくだものの自給率は、①38%、②62%、③81%、のいずれが近いか。,①
第17回 水溶液の分類/食べ物は日本でつくられる？,社会,現在の肉類の自給率は、①34%、②52%、③78%、のいずれが近いか。,②
第17回 水溶液の分類/食べ物は日本でつくられる？,社会,現在のたまごの自給率は、①9%、②45%、③96%、のいずれが近いか。,③
第17回 水溶液の分類/食べ物は日本でつくられる？,社会,現在の牛乳・乳製品の自給率は、①27%、②59%、③81%、のいずれが近いか。,②
第17回 水溶液の分類/食べ物は日本でつくられる？,社会,食品の国内生産を増やすために店が取り組んでいることには、産地や(①)をわかりやすく示している。,①生産者
第17回 水溶液の分類/食べ物は日本でつくられる？,社会,食品の国内生産を増やすために消費者が行えることは、地元の農産物を食べて(①)をすすめるなどもある。,①地産地消
第17回 水溶液の分類/食べ物は日本でつくられる？,社会,日本の国土のうち食品の生産地にならない山地の割合は、①5分の1、②３分の1、③4分の3、のいずれか。,③
第17回 水溶液の分類/食べ物は日本でつくられる？,社会,日本の農家1戸あたりの耕地面積は、①約3ha、②約30ha、③約300ha、のいずれか。,①  ※1haは100m×100m
第17回 水溶液の分類/食べ物は日本でつくられる？,社会,農業だけでは生活できないため、他の仕事をしながら農業を行う農家のこと。,兼業農家
第17回 水溶液の分類/食べ物は日本でつくられる？,社会,現在、農業で働いている人のうち65歳以上の高齢者の割合は、①2分の1、②3分の2、③5分の4、のいずれか。,②
第17回 水溶液の分類/食べ物は日本でつくられる？,社会,日本に来る外国人観光客が増えたことや、(①)が外国で人気になったことで、日本の農産物の輸出額が増えている。,①和食
第17回 水溶液の分類/食べ物は日本でつくられる？,社会,農業は、わたしたちの食料である米、(①)、くだもの、畜産物などをつくる産業。,①野菜
第17回 水溶液の分類/食べ物は日本でつくられる？,社会,農業や農村がもたらすめぐみには、豊作を祈る行事やお祭りで地域の(①)となること。,①文化
第17回 水溶液の分類/食べ物は日本でつくられる？,社会,農業や農村がもたらすめぐみには、耕地利用で洪水や土砂くずれをふせぎ、(①)をたくわえる機能を果たしている。,①水
第17回 水溶液の分類/食べ物は日本でつくられる？,社会,農業や農村がもたらすめぐみには、(①)などで生物のすみかとなっている。,①水田
第17回 水溶液の分類/食べ物は日本でつくられる？,社会,農業や農村がもたらすめぐみには、耕地利用により浄化された栄養分たっぷりのきれいな(①)が川や海に流れる。,①水
第17回 水溶液の分類/食べ物は日本でつくられる？,社会,食料を生産地から消費地へ運ぶときに、環境へどのくらい影響を与えているかを考える場合に用いる数字。,フードマイレージ
第17回 水溶液の分類/食べ物は日本でつくられる？,社会,日本はまわりを海で囲まれているため、農産物を輸入するときは、船や(①)を利用する。,①飛行機
第17回 水溶液の分類/食べ物は日本でつくられる？,社会,検疫所は、全国のおもな(①)や(②)の周辺にある。,①港、②空港
第17回 水溶液の分類/食べ物は日本でつくられる？,社会,今から70年前に比べて、食べる量が増えた食品、①米、②野菜、③小麦、④くだもの、⑤肉類,③、④、⑤
第17回 水溶液の分類/食べ物は日本でつくられる？,社会,必要な量のうち、国内で生産されている量の割合。,自給率
第17回 水溶液の分類/食べ物は日本でつくられる？,社会,現在、日本では農家の数と農業で働く人の数は、①増えている、②減っている、のいずれか。,②
第17回 水溶液の分類/食べ物は日本でつくられる？,社会,65歳以上のお年寄りのしめる割合が増えること。,高齢化
第17回 水溶液の分類/食べ物は日本でつくられる？,社会,物を輸送する手段の車、列車、船、飛行機などの燃料から(①)化の原因となる二酸化炭素が多く出る。,①地球温暖
第17回 水溶液の分類/食べ物は日本でつくられる？,社会,食料の重さ×運んだ距離で算出される数字。,フードマイレージ
第17回 水溶液の分類/食べ物は日本でつくられる？,社会,仮想水(間接水)とは、農産物をつくるのに使われた(①)で農産物の輸入と同時にこれらも輸入されていると考える。,①水
第17回 水溶液の分類/食べ物は日本でつくられる？,社会,農産物の出荷を共同で行ったり、お金を貸したりする農業協同組合を英語のアルファベット2文字で表しなさい。,JA
第17回 水溶液の分類/食べ物は日本でつくられる？,社会,日本の農業は少しずつ変化してきている。農業を専門に行う(①)をつくり、働く人に給料を支払うなど。,①会社
第17回 水溶液の分類/食べ物は日本でつくられる？,社会,利益を大きくするため、農産物を(①)して、新しい商品としてインターネットで全国に販売している。,①加工
